{
  "corpus": {
    "papers": 80,
    "chunks": 1462,
    "questions": 212
  },
  "settings": {
    "chunk_size_tokens": 512,
    "chunk_overlap_tokens": 64,
    "eval_top_n": 20,
    "embedding_model": "BAAI/bge-m3",
    "reranker_model": "BAAI/bge-reranker-v2-m3"
  },
  "results": {
    "vector": {
      "mrr": 0.2701377801197446,
      "recall@1": 0.11567085953878409,
      "ndcg@1": 0.1792452830188679,
      "recall@3": 0.22313941299790355,
      "ndcg@3": 0.20472643175344074,
      "recall@5": 0.2714884696016771,
      "ndcg@5": 0.22360516611733758,
      "recall@10": 0.36624737945492664,
      "ndcg@10": 0.25857042818449577
    },
    "hybrid": {
      "mrr": 0.2725587407696835,
      "recall@1": 0.10034067085953878,
      "ndcg@1": 0.16037735849056603,
      "recall@3": 0.22667714884696014,
      "ndcg@3": 0.19851226144508544,
      "recall@5": 0.3240828092243188,
      "ndcg@5": 0.23875090576510125,
      "recall@10": 0.3963574423480084,
      "ndcg@10": 0.266147372739213
    },
    "hybrid+rerank": {
      "mrr": 0.2987950793964946,
      "recall@1": 0.11606394129979036,
      "ndcg@1": 0.18396226415094338,
      "recall@3": 0.2704664570230609,
      "ndcg@3": 0.23458612093700115,
      "recall@5": 0.34161425576519927,
      "ndcg@5": 0.2647220768579289,
      "recall@10": 0.42062368972746333,
      "ndcg@10": 0.29450430692707796
    },
    "hybrid+rerank+hyde": {
      "mrr": 0.2927541928721175,
      "recall@1": 0.11567085953878406,
      "ndcg@1": 0.17452830188679244,
      "recall@3": 0.27321802935010486,
      "ndcg@3": 0.2338580070117202,
      "recall@5": 0.346724318658281,
      "ndcg@5": 0.2652297682021566,
      "recall@10": 0.4318658280922432,
      "ndcg@10": 0.2972134757264653
    }
  }
}