{
  "corpus": {
    "papers": 15,
    "chunks": 296,
    "questions": 40
  },
  "settings": {
    "chunk_size_tokens": 512,
    "chunk_overlap_tokens": 64,
    "eval_top_n": 20,
    "embedding_model": "BAAI/bge-m3",
    "reranker_model": "BAAI/bge-reranker-v2-m3"
  },
  "results": {
    "vector": {
      "mrr": 0.4342904536983484,
      "recall@1": 0.18124999999999997,
      "ndcg@1": 0.3,
      "recall@3": 0.28125000000000006,
      "ndcg@3": 0.28322374732198774,
      "recall@5": 0.375,
      "ndcg@5": 0.3223678491870834,
      "recall@10": 0.5041666666666667,
      "ndcg@10": 0.37695903152431604
    },
    "hybrid": {
      "mrr": 0.36125586219336214,
      "recall@1": 0.10208333333333333,
      "ndcg@1": 0.2,
      "recall@3": 0.24166666666666664,
      "ndcg@3": 0.2251158059861133,
      "recall@5": 0.3541666666666667,
      "ndcg@5": 0.27577473938996666,
      "recall@10": 0.54375,
      "ndcg@10": 0.3484464063981499
    },
    "hybrid+rerank": {
      "mrr": 0.41924297924297926,
      "recall@1": 0.18333333333333332,
      "ndcg@1": 0.275,
      "recall@3": 0.3145833333333333,
      "ndcg@3": 0.306572840230856,
      "recall@5": 0.4416666666666667,
      "ndcg@5": 0.3679824572111621,
      "recall@10": 0.5270833333333333,
      "ndcg@10": 0.402739470451272
    }
  }
}