{
  "corpus": {
    "papers": 10,
    "chunks": 205,
    "questions": 28
  },
  "settings": {
    "chunk_size_tokens": 512,
    "chunk_overlap_tokens": 64,
    "eval_top_n": 20,
    "embedding_model": "BAAI/bge-m3",
    "reranker_model": "BAAI/bge-reranker-v2-m3"
  },
  "results": {
    "vector": {
      "mrr": 0.47837750484809316,
      "recall@1": 0.22916666666666666,
      "ndcg@1": 0.35714285714285715,
      "recall@3": 0.3363095238095238,
      "ndcg@3": 0.33831494141507906,
      "recall@5": 0.3988095238095238,
      "ndcg@5": 0.3666027435627483,
      "recall@10": 0.494047619047619,
      "ndcg@10": 0.40866613612241304
    },
    "hybrid": {
      "mrr": 0.3832991908884766,
      "recall@1": 0.1101190476190476,
      "ndcg@1": 0.21428571428571427,
      "recall@3": 0.29464285714285715,
      "ndcg@3": 0.26752146144386474,
      "recall@5": 0.3541666666666667,
      "ndcg@5": 0.295822605158086,
      "recall@10": 0.5,
      "ndcg@10": 0.35006020569895213
    },
    "hybrid+rerank": {
      "mrr": 0.39517922553636836,
      "recall@1": 0.18154761904761904,
      "ndcg@1": 0.25,
      "recall@3": 0.29761904761904756,
      "ndcg@3": 0.28790866242694596,
      "recall@5": 0.39880952380952384,
      "ndcg@5": 0.3429437521194619,
      "recall@10": 0.550595238095238,
      "ndcg@10": 0.40279916555818246
    },
    "hybrid+rerank+hyde": {
      "mrr": 0.4219932844932845,
      "recall@1": 0.19345238095238093,
      "ndcg@1": 0.2857142857142857,
      "recall@3": 0.30059523809523814,
      "ndcg@3": 0.29990516045183585,
      "recall@5": 0.380952380952381,
      "ndcg@5": 0.34091966790350614,
      "recall@10": 0.5386904761904762,
      "ndcg@10": 0.40094561234940784
    }
  }
}